Hank Pym,Mitchell Carson
Hank Pym,Peggy Carter
Hank Pym,Mitchell Carson,Howard Stark
Peachy,Ant-Man
Ant-Man,Luis
Ant-Man,Dale
Ant-Man,Luis,Dave
Luis,Ant-Man
Ant-Man,Kurt
Ant-Man,Dave
Luis,Ant-Man
Hank Pym,Hope van Dyne
Hank Pym,Darren Cross
Frank,Darren Cross
Mitchell Carson,Darren Cross
Hope van Dyne,Hank Pym
Cassie Lang,Ant-Man
Paxton,Ant-Man
Paxton,Ant-Man
Ant-Man,Maggie Lang
Ant-Man,Paxton
Ant-Man,Luis
Frank,Darren Cross
Darren Cross,Hope van Dyne
Luis,Dave,Kurt,Ant-Man
Luis,Ant-Man
Ant-Man,Hank Pym
Hope van Dyne,Darren Cross
Ant-Man,Hank Pym
Ant-Man,Hank Pym
Ant-Man,Hope van Dyne
Hope van Dyne,Hank Pym
Ant-Man,Hank Pym
Ant-Man,Hope van Dyne
Hank Pym,Hope van Dyne
Hank Pym,Ant-Man
Hank Pym,Ant-Man
Hope van Dyne,Ant-Man
Hope van Dyne,Hank Pym
Hope van Dyne,Ant-Man
Hope van Dyne,Hank Pym
Hope van Dyne,Hank Pym
Hope van Dyne,Ant-Man
Hope van Dyne,Ant-Man
Hope van Dyne,Ant-Man
Hope van Dyne,Hank Pym
Hope van Dyne,Ant-Man
Hope van Dyne,Ant-Man
Hope van Dyne,Ant-Man
Hope van Dyne,Ant-Man
Hope van Dyne,Ant-Man
Hope van Dyne,Hank Pym
Hope van Dyne,Hank Pym
Hope van Dyne,Hank Pym
Ant-Man,Hank Pym
Ant-Man,Hope van Dyne
Ant-Man,Hank Pym
Ant-Man,Ant-thony
Ant-Man,Falcon
Hank Pym,Darren Cross
Hope van Dyne,Darren Cross
Ant-Man,Luis
Hope van Dyne,Luis
Kurt,Dave,Luis
Hank Pym,Dave
Ant-Man,Luis
Ant-Man,Hope van Dyne
Ant-Man,Kurt,Dave
Dave,Kurt
Darren Cross,Hank Pym
Paxton,Dave,Kurt
Ant-Man,Ant-thony
Mitchell Carson,Darren Cross
Darren Cross,Hank Pym
Dave,Kurt
Paxton,Kurt
Hope van Dyne,Darren Cross
Hope van Dyne,Darren Cross
Ant-Man,Ant-thony
Paxton,Luis
Ant-Man,Darren Cross
Ant-Man,Darren Cross
Ant-Man,Paxton
Ant-Man,Paxton
Maggie Lang,Paxton
Cross,Cassie Lang
Ant-Man,Cross
Ant-Man,Paxton
Paxton,Cassie Lang
Ant-Man,Hope van Dyne
Hank Pym,Hope van Dyne,Ant-Man
Ant-Man,Paxton,Maggie Lang,Cassie Lang
Ant-Man,Luis,Dave,Kurt
Ant-Man,Luis
Ignacio,Stan Lee
Luis,Ant-Man
Hank Pym,Hope van Dyne
Falcon,Captain America
Captain America,Bucky Barnes