Hank, Janet
Janet, Hope
Janet, Hank
Hank, Hope
Scott, Cassandra
Scott, Luis
Woo, Cassie
Woo, ScottMaggie, Cassandra
Paxton, Scott
Maggie, Paxton
Cassandra, Scott
Scott, TV
Scott, Hope
Scott, Hank
Hope, Hank
Hope, Scott
Hank, Scott
Hope, Sonny BurchSonny Burch, Hope
Scott, Hank
Sonny Burch, FBI special friend
Sonny Burch, Hope
Luis, Kurt, Dave, Scott
Hope, Ghost
Hank, Hope
Luis, Scott, Kurt, Dave
Luis, Hank
Hope, Scott, HankScott, Hank
Hank, Hope
Hope, Luis
Scott, Hank
Bill Foster, Hank
Scott, Bill Foster
Bill Foster, Hank
Hope, Hank
Woo, Scott
Hope, Hank
Scott, Luis
Scott, Hope
Hank, Scott
Hope, Hank
Teacher, Scott
Hope, Hank
Scott, HankHope, Scott
Scott, Hope
Scott, Hank
Hope, Hank
Ghost, Scott
Hope, Scott
Ghost, Hope
Ghost, Hank
Bill Foster, Hank
Scott, Cassandra
Maggie, Scott
Bill Foster, Hank
Hope, Bill Foster
Scott, Hope
Hank, Bill Foster
Hope, Bill Foster
Scott, Hope
Hank, HopeHank, Foster
Hope, Hank
Hope, Scott
Scott, Hope
Luis, Scott
Dave, Kurt
Luis, Sonny Burch
Luis, Uzman
Bill Foster, Ghost
Sonny Burch, Luis
Sonny Burch, Uzman
Sonny Burch, Cop 1Woo, Cop 1
Hope, Hank
Hope, Scott
Hank, Scott
Janet, Hank
Janet, Hope
Scott, Luis
Scott, Hope
Maggie, Cassandra
Woo, Cassandra
Scott, WooScott, Cassandra
Hank, Cop 2
Cop 1, Hank, Hope
Maggie, Paxton
Woo, Scott
Agent 2, Woo
Cop 3, Cop 4
Cassandra, Scott
Hope, Hank
Scott, Hope, Hank
Uzman, Sonny Burch
Agent 2, Woo
Hank, Hope, Scott
Ghost, Bill Foster
Hank, Bill FosterScott, Ava
Ghost, Scott
Hank, Hope
Scott, Hope
Hope, Luis
Sonny Burch, Hope
Hope, Scott
Luis, Hope
Scott, Sonny Burch
Scott, Announcer
Hope, Scott
Janet, Hank
Bill Foster, Hank
Janet, Hank
Hank, Scott
Woo, Scott
News Reporter 1, Scott
Hope, LuisJanet, Hope
Hope, Scott
Luis, Scotty
Sonny Burch, Luis
Bill Foster, Ghost
Hank, Hope
Scott, Hope
Janet, Ghost
Scott, Woo
Luis, Mr. Karapetyan
Hope, Cassandra
Scott, MothScott, Hank
Scott, Hope
Scott, Hank
Scott, Hope
Hank, Hope
Scott, Hank, Hope, Janet, Guys
Guys, Scott