Thanos,Thor,,,,
Thanos,Loki,,,,
Loki,Thanos,,,,
Ebony Maw,Thor,,,,
Thanos,Proxima Midnight,,,,
Thanos,Loki,,,,
Iron Man,Pepper Potts,,,,
Iron Man,Doctor Strange,,,,
Iron Man,Hulk,,,,
Doctor Strange,Iron Man,,,,
Iron Man,Hulk,,,,
Iron Man,Doctor Strange,,,,
Doctor Strange,Wong,,,,
Iron Man,FRIDAY,,,,
Spider-Man,Ned Leeds,,,,
Iron Man,Ebony Maw,,,,
Iron Man,Hulk,,,,
Doctor Strange,Hulk,,,,
Iron Man,Doctor Strange,,,,
Iron Man,Black Dwarf,,,,
Hulk,Iron Man,,,,
Iron Man,Hulk,,,,
Iron Man,Spider-Man,,,,
Wong,Doctor Strange,,,,
Ebony Maw,Doctor Strange,,,,
Iron Man,Wong,,,,
Iron Man,FRIDAY,,,,
Spider-Man,Iron Man,,,,
Hulk,Wong,,,,
Star-Lord,Rocket Raccoon,Gamora,Drax,Mantis,Thor
Gamora,Drax,,,,
Thor,Star-Lord,,,,
Star-Lord,Thor,,,,
Thor,Mantis,,,,
Gamora,Thor,,,,
Rocket Raccoon,Thor,,,,
Rocket Raccoon,Groot,,,,
Vision,Scarlet Witch,,,,
Corvus Glaive,Vision,,,,
Proxima Midnight,Scarlet Witch,,,,
Scarlet Witch,Corvus Glaive,,,,
Corvus Glaive,Vision,,,,
Proxima Midnight,Scarlet Witch,,,,
Scarlet Witch,Corvus Glaive,,,,
Proxima Midnight,Captain America,Black Widow,,,
Falcon,Proxima Midnight,,,,
Proxima Midnight,Corvus Glaive,,,,
Vision,Captain America,,,,
Black Widow,Scarlet Witch,,,,
Gamora,Star-Lord,,,,
Gamora,Thanos,,,,
Thanos,Drax,,,,
Thanos,Mantis,,,,
Thanos,Gamora,,,,
Star-Lord,Thanos,,,,
Gamora,Star-Lord,,,,
Thanos,Star-Lord,,,,
Doctor Strange,Cloak of Levitation,,,,
Spider-Man,Iron Man,,,,
Spider-Man,Iron Man,,,,
Spider-Man,Ebony Maw,,,,
Iron Man,Ebony Maw,,,,
Iron Man,Doctor Strange,,,,
Spider-Man,Doctor Strange,,,,
Iron Man,Spider-Man,,,,
Doctor Strange,Spider-Man,,,,
Doctor Strange,Iron Man,,,,
Iron Man,Spider-Man,,,,
Thanos,Gamora,,,,
Thanos,Nebula,,,,
Rocket Raccoon,Thor,,,,
Rocket Raccoon,Thor,,,,
Thor,Rocket Raccoon,,,,
Thor,Eitri,,,,
Star-Lord,Iron Man,,,,
Star-Lord,Spider-Man,,,,
Star-Lord,Doctor Strange,,,,
Iron Man,Star-Lord,,,,
Iron Man,Spider-Man,,,,
Mantis,Spider-Man,,,,
Star-Lord,Iron Man,,,,
Iron Man,Drax,,,,
Drax,Mantis,,,,
Iron Man,Star-Lord,,,,
Spider-Man,Mantis,,,,
Star-Lord,Drax,,,,
Iron Man,Star-Lord,,,,
Star-Lord,Spider-Man,,,,
Iron Man,Star-Lord,,,,
Star-Lord,Iron Man,,,,
Mantis,Doctor Strange,,,,
Doctor Strange,Iron Man,,,,
Thanos,Red Skull,,,,
Thanos,Gamora,,,,
Gamora,Red Skull,,,,
Thanos,Gamora,,,,
Falcon,War Machine,,,,
Okoye,Black Panther,,,,
Captain America,Black Panther,,,,
Hulk,Shuri,,,,
Wanda,Shuri,,,,
Okoye,Falcon,Winter Soldier,,,
Falcon,Winter Soldier,,,,
Vision,Black Widow,,,,
Black Panther,Captain America,,,,
Rocket Raccoon,Eitri,,,,
Hulk,Okoye,,,,
Black Panther,Proxima Midnight,,,,
Black Widow,Winter Soldier,,,,
Thor,Eitri,,,,
Thor,Groot,,,,
Thor,Hulk,,,,
Thanos,Doctor Strange,,,,
Iron Man,Star-Lord,,,,
Iron Man,Spider-Man,,,,
Star-Lord,Thanos,,,,
Spider-Man,Thanos,,,,
Nebula,Thanos,,,,
Gamora,Thanos,,,,
Thor,Rocket Raccoon,,,,
Gamora,Thanos,,,,
Iron Man,Star-Lord,,,,
Spider-Man,Star-Lord,,,,
Doctor Strange,Thanos,,,,
Thor,Thanos,,,,
Iron Man,Star-Lord,,,,
Star-Lord,Iron Man,,,,
Thanos,Thor,,,,
Thor,Groot,,,,
Black Panther,M'Baku,,,,
Thor,Thanos,,,,
Thanos,Gamora,,,,
Thor,Thanos,,,,
Captain America,Thor,,,,
Winter Soldier,Captain America,,,,
Black Panther,Okoye,,,,
Groot,Rocket Raccoon,,,,
Scarlet Witch,Falcon,,,,
War Machine,Falcon,,,,
Mantis,Drax,,,,
Star-Lord,Drax,,,,
Doctor Strange,Iron Man,,,,
Spider-Man,Iron Man,,,,
Nebula,Iron Man,,,,
Captain America,Thor,War Machine,Black Widow,Hulk,Rocket Raccoon
Maria Hill,Nick Fury,,,,