Hawkeye,Lila Barton,,
Cooper Barton,Laura Barton,,
Lila Barton,Hawkeye,,
Laura Barton,Nathaniel Barton,,
Hawkeye,Lila Barton,,
Iron Man,Nebula,,
Nebula,Iron Man,,
Iron Man,Pepper Potts,,
Rocket Raccoon,Nebula,,
Iron Man,Captain America,,
Iron Man,War Machine,,
Captain America,Black Widow,,
Captain Marvel,Black Widow,,
War Machine,Captain Marvel,,
Nebula,War Machine,,
Captain Marvel,War Machine,,
Captain America,Captain Marvel,,
Hulk,Captain Marvel,,
War Machine,Captain Marvel,,
Thor,Captain Marvel,,
Nebula,Captain Marvel,,
Black Widow,Captain America,,
Captain America,Captain Marvel,,
Rocket Raccoon,Nebula,,
Rocket Raccoon,Captain Marvel,,
Black Widow,Okoye,,
Captain Marvel,Rocket Raccoon,,
Captain Marvel,Black Widow,,
Black Widow,Okoye,,
Black Widow,War Machine,,
Captain America,Black Widow,,
Ant-Man,Captain America,Black Widow,
Iron Man,Morgan Stark,,
Ant-Man,Iron Man,,
Ant-Man,Captain America,,
Ant-Man,Hulk,,
Hulk,Black Widow,,
Iron Man,Morgan Stark,,
Iron Man,Pepper Potts,,
Hulk,Ant-Man,Black Widow,Captain America
Ant-Man,Hulk,,
Hulk,Ant-Man,,
Captain America,Ant-Man,,
Hulk,Black Widow,,
Black Widow,Ant-Man,,
Ant-Man,Captain America,,
Hulk,Captain America,,
Captain America,Iron Man,,
Iron Man,Captain America,,
Rocket Raccoon,Ant-Man,,
Hulk,Valkyrie,,
Rocket Raccoon,Hulk,,
Thor,Hulk,,
Thor,Rocket Raccoon,,
Korg,Thor,,
Thor,Hulk,,
Thor,Korg,,
Thor,Hulk,,
Hawkeye,Black Widow,,
War Machine,Hulk,Ant-Man,Nebula
Hawkeye,Lila Barton,,
Iron Man,Ant-Man,,
Hulk,Iron Man,,
Hawkeye,Iron Man,,
Captain America,Thor,,
War Machine,Black Widow,,
Rocket Raccoon,Ant-Man,,
Nebula,Black Widow,,
Hulk,Black Widow,Iron Man,
Hawkeye,War Machine,,
Hawkeye,Black Widow,,
War Machine,Nebula,,
Nebula,Gamora,,
Thanos,Nebula,,
Iron Man,Captain America,,
Captain America,Jasper Sitwell,,
Captain America,Brock Rumlow,,
Hulk,Iron Man,,
Iron Man,Alexander Pierce,,
Iron Man,Alexander Pierce,,
Ant-Man,Iron Man,,
Iron Man,Thor,,
Captain America,Captain America,,
Captain America,Captain America,,
Hulk,The Ancient One,,
Hulk,The Ancient One,,
Thanos,Ebony Maw,,
Thanos,Ebony Maw,,
Ebony Maw,Gamora,,
Thanos,Ebony Maw,,
Gamora,Thor,Frigga,
War Machine,Nebula,,
Nebula,Ebony Maw,,
Nebula,Thanos,,
Iron Man,Ant-Man,,
Iron Man,Captain America,,
Iron Man,Howard Stark,,
Captain America,Hank Pym,,
Howard Stark,Iron Man,,
Black Widow,Hawkeye,,
Hulk,Hawkeye,,
Iron Man,Captain America,,
Thor,Hawkeye,,
Thor,Hawkeye,,
Hulk,Hawkeye,,
Hulk,Iron Man,,
Thor,Captain America,,
Thor,Ant-Man,,
Hulk,Captain America,,
Hulk,Rocket Raccoon,,
War Machine,Rocket Raccoon,,
Thanos,Nebula,,
Nebula,Gamora,,
Gamora,Nebula,,
Iron Man,Captain America,,
Iron Man,Thor,,
Thor,Captain America,,
Thanos,Iron Man,,
Thanos,Captain America,,
Iron Man,Spider-Man,,
Star-Lord,Gamora,,
Hawkeye,Captain America,Hulk,Ant-Man
Ant-Man,Captain America,,
Ant-Man,Hope Van Dyne,,
Iron Man,Doctor Strange,,
Iron Man,Thanos,,
Black Panther,Hawkeye,,
Scarlet Witch,Thanos,,
Captain America,Spider-Man,,
Pepper Potts,Iron Man,,
Iron Man,Morgan Stark,,
Hawkeye,Scarlet Witch,,
Thor,Valkyrie,,
Thor,Valkyrie,,
Thor,Rocket Raccoon,,
Thor,Star-Lord,,
Star-Lord,Drax,,
Star-Lord,Nebula,,
Star-Lord,Rocket Raccoon,,
Star-Lord,Mantis,,
Star-Lord,Groot,,
Hulk,Captain America,,
Captain America,Winter Soldier,,
Winter Soldier,Falcon,,
Captain America,Falcon,,