Shuri, Griot
Shuri, Ramonda
Okoye, Aneka, Nomble
Ayo, Aneka
Smitty, Dr. Graham
Salazar, Dr. Graham
Salazar, Jackson
Smitty, Dr. Graham
Dr. Graham, Attuma
Shuri, Ramonda
Shuri, Ramonda
Shuri, Ramonda
Shuri, Ramonda
Shuri, Ramonda
Namor, Ramonda
Shuri, Namor
Namor, Shuri
Namor, Ramonda
Ramonda, Namor
Namor, Shuri
M'Baku, Okoye
Okoye, Shuri
Okoye, Ramonda
Okoye, Ramonda
Okoye, Ramonda
Okoye, Ramonda
Okoye, Ramonda
Okoye, Ramonda
Okoye, Ross
Shuri, Okoye
Ross, Okoye
Okoye, Shuri
Shuri, Riri
Riri, Okoye
Riri, Shuri
Riri, Okoye
Shuri, Riri
Shuri, Okoye, Riri
Okoye, Riri
Shuri, Okoye, Riri
Riri, Shuri
Okoye, Shuri
Shuri, Riri
Okoye, Riri
Shuri, Griot
Okoye, Shuri
Riri, Shuri
Riri, Okoye
Okoye, Shuri
Okoye, Attuma
Namora, Attuma
Shuri, Griot
Namora, Riri
Okoye, Attuma, Namora, Shuri, Riri
Val, Ross
Ross, Val
Ramonda, Okoye
Ramonda, Ayo
Ramonda, Griot
Val, Ross
Ross, Director de Fontaine
Ross, Ramonda
Ramonda, Ross
Ramonda, Namor
Ramonda, Namor
Ramonda, Griot
Ramonda, Nakia
Nakia, Ramonda
Okoye, Ayo
Aneka, Okoye
Okoye, Aneka
Aneka, Ayo
Ayo, Aneka
Shuri, Riri
RIRI, SHURI
SHURI, NAMORA
SHURI, NAMOR
Shuri, Namor
Namor, Shuri
Shuri, Namor
Namor, Shuri
Shuri, Namor
Namor, Shuri
Ross, Ramonda
Shuri, Riri
Shuri, Namor
Shuri, Riri
Shuri, Riri
Shuri, Riri
Ramonda, Nakia
Namor, Shuri
Riri, Shuri
Shuri, Namor
Shuri, Namor
Namor, Ramonda
Ramonda, Namor
Nakia, Riri, Shuri
Shuri, Riri
Ramonda, Shuri
Ramonda, Nakia
Namor, Namora
Ramonda, Shuri
Shuri, Riri
Shuri, Ramonda
Nakia, Ramonda
Shuri, Riri
Namor, Attuma
Okoye, Nakia
Shuri, Aneka
Riri, Ramonda, Ayo
Nakia, Okoye
Okoye, Nakia
Ramonda, Ayo
Ramonda, Riri
Ramonda, Shuri
Shuri, Aneka
Shuri, Aneka
Shuri, Aneka
Nakia, Okoye
Ramonda, Griot
Ramonda, Riri
Okoye, Ayo
Okoye, Nakia
Namora, Namor
M’Baku, Namor
Ramonda, Riri
M’Baku, Ayo
Namor, Dora
Shuri, Aneka
Okoye, Nakia
Okoye, Aneka
Namor, Okoye, Nakia, Shuri, Ayo, Aneka, M'Baku
Shuri, Okoye, Nakia, Shuri, M'Baku, M'Bele, Ayo
NAKIA, Shuri
Ross, Shuri
Shuri, Griot
Shuri, Ross
Ross, Val
Shuri, Riri
Riri, Shuri
Shuri, Okoye
Shuri, Griot
Shuri, Nakia
Shuri, Nakia
Shuri, Killmonger
Shuri, Killmonger
Shuri, Killmonger
Shuri, Killmonger
Shuri, Killmonger
Shuri, Killmonger
Shuri, Killmonger
Shuri, Killmonger
Shuri, Killmonger
Shuri, Killmonger
Shuri, Nakia, Riri
Shuri, Nakia
Shuri, Riri
Shuri, M'Baku
Shuri, M'Baku
Shuri, Nakia, Ayo
M'Baku, Shuri 
Shuri, M'Baku 
Nakia, Shuri 
Okoye, Aneka
Okoye, Aneka
Okoye, Aneka
Namor, Namora
Namor, Attuma
Shuri, Namor
SHURI, NAMOR
Okoye, Aneka
Shuri, Namor
Namor, Shuri
M’Baku, Attuma
Okoye, Aneka
Ayo, Griot
Namor, Shuri
M'Baku, Attuma
Okoye, Attuma
Shuri, Namor
Namor, Shuri
Ross, Val
Val, Ross
Val, Ross
Val, Ross
Val, Ross
Ross, Val
Val, Ross
Namora, Namor
Shuri, Riri
Riri, Shuri
Shuri, Riri
M'Baku, Sope
Shuri, Okoye
Shuri, Okoye
Shuri, Nakia
Shuri, Nakia
Shuri, T'Challa