Girl, Nat
Natasha, Yelena
Melina, Yelena
Melina, Natasha
Alexei, Melina
Yelena, Melina
Melina, Nat
Melina, Alexei
Yelena, Melina, Nat
Alexei, Yelena, Melina, Nat
Melina, Yelena, Nat
Natasha, Melina
Natasha, Melina
Natasha, Melina
Melina, Natasha
Melina, Natasha
Alexei, Dreykov
Natasha, Melina
Alexei, Yelena
Natasha, Yelena
Alexei, Natasha
Dreykov, Alexei
Natasha, Yelena
Natasha, Yelena
Dreykov, Natasha
Thaddeus Ross, Natasha
Thaddeus Ross, Natasha
Natasha, Ross
Yelena, Ingrid
Natasha, Rick Mason
Natasha, Yelena
Natasha, Yelena
Natasha, Yelena
Natasha, Yelena
Natasha, Yelena
Natasha, Yelena
Natasha, Yelena
Natasha, Yelena
Natasha, Yelena
Natasha, Yelena
Natasha, Yelena
Natasha, Yelena
Natasha, Yelena
Natasha, Yelena
Natasha, Yelena
Natasha, Yelena
Natasha, Yelena
Natasha, Yelena
Natasha, Yelena
Natasha, Yelena
Natasha, Yelena
Natasha, Yelena
Natasha, Yelena
Natasha, Yelena
Natasha, Yelena
Natasha, Yelena
Yelena, Natasha
Natasha, Barton
Yelena, Natasha
Yelena, Natasha
Yelena, Natasha
Yelena, Natasha
Yelena, Natasha
Yelena, Natasha
Yelena, Natasha
Yelena, Natasha
Yelena, Natasha
Yelena, Natasha
Yelena, Natasha
Yelena, Natasha
Yelena, Natasha
Natasha, Rick Mason
Yelena, Rick Mason
Natasha, Yelena
Alexei, Ursa
Natasha, Alexei
Natasha, Yelena
Natasha, Yelena
Yelena, Natasha
Yelena, Natasha
Yelena, Natasha
Alexei, Natasha
Alexei, Yelena
Alexei, Yelena
Alexei, Yelena
Alexei, Yelena
Alexei, Yelena
Alexei, Yelena
Alexei, Yelena
Yelena, Natasha
Alexei, Yelena
Yelena, Natasha
Alexei, Yelena
Natasha, Alexei
Yelena, Alexei
Natasha, Alexei
Yelena, Alexei
Alexei, Yelena
Natasha, Alexei
Yelena, Alexei
Natasha, Alexei
Yelena, Alexei
Alexei, Yelena
Yelena,Alexei, Yelena
Alexei, Natasha
Alexei, Melina
Natasha, Melina
Natasha, Yelena
Melina, Yelena
Melina, Alexei
Alexei, Melina
Melina, Natasha
Alexei, Yelena
Natasha, Yelena
Alexei, Yelena
Yelena, Alexei
Melina, Alexei
Melina, Dreykov
Natasha, Dreykov
Yelena, Melina
Alexei, Melina
Natasha, Dreykov
Melina, Yelena
Dreykov, Natasha
Natasha, Dreykov
Natasha, Melina
Melina, Yelena
Natasha, Antonia
Natasha, Yelena
Yelena, Dreykov
Natasha, Yelena
Natasha, Dreykov
Natasha, Yelena
Melina, Natasha
Alexei, Natasha
Natasha, Yelena
Natasha, Rick Mason
Yelena, Valentina