Vers,Yon-Rogg
Vers,Yon-Rogg
Yon-Rogg,Vers
Vers,Yon-Rogg
Yon-Rogg,Vers
Vers,Yon-Rogg
Yon-Rogg,Vers
Vers,Yon-Rogg
Yon-Rogg,Vers
Vers,Yon-Rogg
Yon-Rogg,Vers
Vers,Yon-Rogg
Yon-Rogg,Vers
Vers,Korath
Korath,Vers
Vers,Yon-Rogg
Vers,Yon-Rogg
Minn-Erva,Yon-Rogg
Bron-Char,Yon-Rogg
Yon-Rogg,Vers
Yon-Rogg,Minn-Erva
Att-Lass,Minn-Erva
Yon-Rogg,Bron-Char
General Talos,Vers
Vers,Joseph Danvers
Maria,Carol
Vers,Goose
Wendy Lawson,Vers
Wendy Lawson,Vers
Vers,General Talos
Carol,General Talos
Vers,General Talos
Vers,General Talos
Vers,Yon-Rogg
Fury,Vers
Vers,Fury
Vers,Stan Lee
Fury,Coulson
Vers,Fury
Vers,Fury
Fury,Vers
Vers,Yon-Rogg
Yon-Rogg,Vers
Vers,Coulson
Vers,Fury
Yon-Rogg,Ronan
Vers,Monica
Vers,Maria
Vers,Maria
Monica,Vers
Maria,Tom
Fury,Talos
Vers,Talos
Maria,Carol
Vers,Goose
Maria,Monica
Maria,Lawson
Vers,Lawson
Vers,Yon-Rogg
Minn-Erva,Yon-Rogg
Maria,Fury,Talos,Vers
Talos,Vers
Carol,Maria
Monica,Maria
Carol,Yon-Rogg
Yon-Rogg,Ronan
Fury,Talos,Goose
Maria,Talos
Talos,Fury
Carol,Maria
Fury,Carol
Talos,Soren
Talos,Yon-Rogg
Carol,Lawson
Carol,Fury
Carol,Fury
Carol,Yon-Rogg
Maria,Goose
Fury,Talos
Talos,Soren
Yon-Rogg,Minn-Erva
Carol,Ronan
Carol,Ronan
Carol,Yon-Rogg
Fury,Goose
Fury,Maria
Talos,Soren
Carol,Fury
Fury,Carol
Carol,Monica
Fury,Coulson
Fury,Goose
Fury,Coulson
Fury,Coulson