The Ancient One, Kaecilius
Doctor Strange, Billy
Doctor Strange, Doctor Palmer
Doctor Strange, Dr. West
Doctor Strange, Christine Palmer
Doctor Strange, Jonathan Pangborn
Dr. Stephen Strange, Mordo
Dr. Stephen Strange, The Ancient One
The Ancient One, Dr. Stephen Strange
Dr. Stephen Strange, The Ancient One
Dr. Stephen Strange, The Ancient One
Dr. Stephen Strange, The Ancient One
Dr. Stephen Strange, The Ancient One
Dr. Stephen Strange, The Ancient One
Dr. Stephen Strange, The Ancient One
Dr. Stephen Strange, Mordo
Mordo, The Ancient One
Dr. Stephen Strange, Wong
Wong, Dr. Stephen Strange
Dr. Stephen Strange, Wong
Dr. Stephen Strange, The Ancient One
Dr. Stephen Strange, Mordo
Dr. Stephen Strange, Christine
Mordo, Dr. Stephen Strange
Dr. Stephen Strange, Kaecilius
Dr. Stephen Strange, Kaecilius
Dr. Stephen Strange, Christine
Dr. Stephen Strange, Mordo
Dr. Stephen Strange, The Ancient One
Dr. Stephen Strange, The Ancient One
Dr. Stephen Strange, Mordo
Mordo, The Ancient One
Dr. Stephen Strange, Christine
Dr. Stephen Strange, Wong
Kaecilius, Wong
Dr. Stephen Strange, Mordo
Wong, Strange
Strange, Kaecilius
Strange, Dormammu
Strange, Kaecilius
Mordo, Strange
Dr. Stephen Strange, Thor
Jonathan Pangborn, Mordo