America Chavez,Defender Strange,
Defender Strange,America Chavez,
Defender Strange,America Chavez,
Defender Strange,America Chavez,
Nicodemus West,Doctor Strange,
Christine Palmer,Doctor Strange,
Doctor Strange,America Chavez,
Doctor Strange,Wong,
America Chavez,Doctor Strange,
Doctor Strange,Wong,
America Chavez,Doctor Strange,
Wong,Doctor Strange,
Doctor Strange,America Chavez,
Wong,Doctor Strange,
America Chavez,Doctor Strange,
Doctor Strange,Wong,
Doctor Strange,America Chavez,
Doctor Strange,America Chavez,
Doctor Strange,Wong,
America Chavez,Wong,
Doctor Strange,America Chavez,
Doctor Strange,Wong,
Scarlet Witch,Doctor Strange,
Scarlet Witch,Doctor Strange,
Scarlet Witch,Doctor Strange,
Scarlet Witch,Doctor Strange,
Scarlet Witch,Doctor Strange,
Wong,Doctor Strange,
Rintrah,Wong,
Wong,Doctor Strange,
Scarlet Witch,Doctor Strange,
Wong,Sara Wolfe,
Wong,Doctor Strange,
Doctor Strange,America Chavez,
Doctor Strange,Cloak of Levitation,
Doctor Strange,America Chavez,
Doctor Strange,America Chavez,
Pizza Poppa,Doctor Strange,
Christine Palmer,Doctor Strange,
Doctor Strange,America Chavez,
Doctor Strange,America Chavez,
Doctor Strange,America Chavez,
America Chavez,Doctor Strange,
America Chavez,Doctor Strange,
Doctor Strange,Mordo (Earth-838),
Mordo (Earth-838),Doctor Strange,
Doctor Strange,Mordo (Earth-838),
Mordo (Earth-838),Doctor Strange,
Scarlet Witch (Earth-838),Billy (Earth-838),
Scarlet Witch (Earth-838),Tommy (Earth-838),
Wong,Sara Wolfe,
Wong,Scarlet Witch,
Wong,Scarlet Witch,
Christine Palmer (Earth-838),Doctor Strange,
Doctor Strange,America Chavez,
Christine Palmer (Earth-838),Doctor Strange,
Doctor Strange,Christine Palmer (Earth-838),
Doctor Strange,Mordo (Earth-838),
Wong,Scarlet Witch,
Professor X,Doctor Strange,
Mr. Fantastic,Scarlet Witch (Earth-838),
Agent Carter,Maria Rambeau (Earth-838),
Agent Carter,Scarlet Witch (Earth-838),
Doctor Strange,Mordo (Earth-838),
Professor X,Scarlet Witch (Earth-838),
Doctor Strange,Christine Palmer (Earth-838),
America Chavez,Doctor Strange,
Doctor Strange,Sinister Strange,
Christine Palmer (Earth-838),Doctor Strange,
Wong,Doctor Strange,
Scarlet Witch,Doctor Strange,
America Chavez,Doctor Strange,
Scarlet Witch,Billy (Earth-838),Tommy (Earth-838)
Scarlet Witch,Tommy (Earth-838),
Scarlet Witch,Billy (Earth-838),
Doctor Strange,Christine Palmer (Earth-838),
Doctor Strange,Wong,
America Chavez,Doctor Strange,
Doctor Strange,Clea,