Christine Everhart,Iron Man,
Anton Vanko,Ivan Vanko,
Iron Man,Larry King,
Iron Man,Senator Stern,
Iron Man,Justin Hammer,
Iron Man,Pepper Potts,
War Machine,Iron Man,
War Machine,Senator Stern,
Iron Man,Senator Stern,
Iron Man,Justin Hammer,
Iron Man,Pepper Potts,
Pepper Potts,Iron Man,
Iron Man,Pepper Potts,
Pepper Potts,Iron Man,
Iron Man,Pepper Potts,
Iron Man,Pepper Potts,
Iron Man,Pepper Potts,
Iron Man,Happy Hogan,
Iron Man,Black Widow,
Iron Man,Pepper Potts,
Happy Hogan,Black Widow,
Iron Man,Pepper Potts,
Iron Man,Black Widow,
Pepper Potts,Iron Man,
Black Widow,Pepper Potts,
Iron Man,Pepper Potts,
Iron Man,Black Widow,
Pepper Potts,Elon Musk,
Iron Man,Elon Musk,
Iron Man,Pepper Potts,Justin Hammer
Justin Hammer,Christine Everhart,
Iron Man,Justin Hammer,
Pepper Potts,Black Widow,
Pepper Potts,Happy Hogan,
Justin Hammer,Christine Everhart,
Pepper Potts,Happy Hogan,
Iron Man,Ivan Vanko,
Justin Hammer,Ivan Vanko,
Pepper Potts,Black Widow,
Pepper Potts,War Machine,
Iron Man,JARVIS,
Iron Man,War Machine,
War Machine,Iron Man,
War Machine,Major Allen,
War Machine,Nick Fury,
Iron Man,Nick Fury,
Iron Man,Black Widow,
Nick Fury,Black Widow,
Justin Hammer,Ivan Vanko,
Justin Hammer,Jack White,
Nick Fury,Iron Man,
Nick Fury,Black Widow,
Iron Man,Phil Coulson,
Major Allen,War Machine,
Justin Hammer,War Machine,
Iron Man,JARVIS,
Phil Coulson,Iron Man,
Iron Man,JARVIS,
Justin Hammer,Ivan Vanko,
Iron Man,Ivan Vanko,
Justin Hammer,Pepper Potts,
Iron Man,War Machine,
War Machine,Iron Man,
Justin Hammer,Jack White,
Justin Hammer,Pepper Potts,
Pepper Potts,Justin Hammer,
Black Widow,Justin Hammer,
Black Widow,Pepper Potts,
Iron Man,JARVIS,
Iron Man,War Machine,
Black Widow,Happy Hogan,
Happy Hogan,Black Widow,
Iron Man,War Machine,
Black Widow,Happy Hogan,
War Machine,Iron Man,
Pepper Potts,Iron Man,
Black Widow,Iron Man,
Pepper Potts,Iron Man,
Iron Man,War Machine,
Iron Man,War Machine,
Iron Man,War Machine,
Iron Man,War Machine,
Iron Man,War Machine,
Pepper Potts,Iron Man,
Pepper Potts,Iron Man,
Iron Man,War Machine,
Pepper Potts,Iron Man,
Pepper Potts,Iron Man,
Iron Man,War Machine,
Pepper Potts,Iron Man,
Iron Man,War Machine,
Pepper Potts,Iron Man,
War Machine,Iron Man,
War Machine,Iron Man,
Iron Man,Nick Fury,
Senator Stern,War Machine,
Senator Stern,Iron Man,