Tony Stark,Jimmy the Soldier
Tony Stark,Jimmy the Soldier
Pepper Potts,Tony Stark
Tony Stark,JARVIS
Pepper Potts,Tony Stark
Pepper Potts,Tony Stark
Pepper Potts,Tony Stark
Pepper Potts,Tony Stark
Pepper Potts,Tony Stark
Pepper Potts,Tony Stark
Tony Stark,Happy
James Rhodes,Tony Stark
James Rhodes,Tony Stark
Obadiah Stane,Tony Stark
James Rhodes,Tony Stark
Tony Stark,Yinsen
Yinsen,Tony Stark
Tony Stark,Yinsen
Yinsen,Tony Stark
Tony Stark,Raza
Yinsen,Raza
Tony Stark,Yinsen
Tony Stark,Raza
Tony Stark,Pepper Potts
Tony Stark,Obadiah Stane
Obadiah Stane,Tony Stark
Tony Stark,Obadiah Stane
Tony Stark,Pepper Potts
Pepper Potts,Tony Stark
James Rhodes,Tony Stark
Tony Stark,James Rhodes
James Rhodes,Tony Stark
Tony Stark,JARVIS
Tony Stark,Pepper Potts
Tony Stark,Obadiah Stane
Tony Stark,Dummy
Obadiah Stane,Tony Stark
Tony Stark,Agent Coulson
Tony Stark,Pepper Potts
Christine Everhart,Tony Stark
Tony Stark,Obadiah Stane
James Rhodes,Major Allen
James Rhodes,Tony Stark
James Rhodes,Major Allen
Raza,Obadiah Stane
Tony Stark,Pepper Potts
Tony Stark,Pepper Potts
Pepper Potts,Obadiah Stane
Pepper Potts,Agent Coulson
Tony Stark,James Rhodes
Tony Stark,Obadiah Stane
Tony Stark,JARVIS
Pepper Potts,Tony Stark
Tony Stark,Pepper Potts
Tony Stark,Obadiah Stane
Pepper Potts,Obadiah Stane
Tony Stark,Agent Coulson
Pepper Potts,Agent Coulson
Tony Stark,Christine Everhart
Tony Stark,JARVIS
Tony Stark,Nick Fury