Xu Wenwu,Ying Li,
Ying Li,Shang-Chi,
Shang-Chi,Katy Chen,
Shang-Chi,Katy Chen,
Katy Chen,Shang-Chi,
Shang-Chi,Katy Chen,
Shang-Chi,Razor Fist,
Katy Chen,Shang-Chi,
Shang-Chi,Katy Chen,
Shang-Chi,Jon Jon,
Katy Chen,Jon Jon,
Wong,Abomination,
Katy Chen,Xu Xialing,
Shang-Chi,Xu Xialing,
Shang-Chi,Jon Jon,
Shang-Chi,Xu Xialing,
Shang-Chi,Katy Chen,
Shang-Chi,Xu Xialing,
Xu Xialing,Katy Chen,
Xu Wenwu,Shang-Chi,
Shang-Chi,Xu Xialing,
Katy Chen,Trevor Slattery,
Shang-Chi,Trevor Slattery,
Katy Chen,Trevor Slattery,
Shang-Chi,Katy Chen,
Trevor Slattery,Katy Chen,
Shang-Chi,Trevor Slattery,
Katy Chen,Xu Xialing,
Shang-Chi,Razor Fist,
Shang-Chi,Trevor Slattery,
Katy Chen,Trevor Slattery,
Trevor Slattery,Morris,
Katy Chen,Shang-Chi,
Trevor Slattery,Katy Chen,
Trevor Slattery,Shang-Chi,
Katy Chen,Shang-Chi,
Shang-Chi,Xu Xialing,
Katy Chen,Xu Xialing,
Trevor Slattery,Morris,
Ying Nan,Guang Bo,
Ying Nan,Shang-Chi,
Xu Xialing,Shang-Chi,
Ying Nan,Xu Xialing,
Shang-Chi,Katy Chen,
Ying Nan,Morris,
Ying Nan,Shang-Chi,
Katy Chen,Guang Bo,
Shang-Chi,Ying Nan,
Ying Nan,Shang-Chi,
Shang-Chi,Ying Li,
Xu Wenwu,Shang-Chi,
Katy Chen,Shang-Chi,
Shang-Chi,Katy Chen,
Shang-Chi,Xu Xialing,
Guang Bo,Xu Wenwu,
Xu Wenwu,Ying Nan,
Guang Bo,Xu Wenwu,
Xu Wenwu,Ying Nan,
Xu Wenwu,Shang-Chi,
Xu Xialing,Shang-Chi,
Ying Nan,Xu Xialing,
Razor Fist,Ying Nan,
Xu Xialing,Ying Nan,
Guang Bo,Katy Chen,
Razor Fist,Guang Bo,
Katy Chen,Xu Xialing,
Ying Li,Shang-Chi,
Xu Wenwu,Shang-Chi,
Trevor Slattery,Morris,
Shang-Chi,Xu Wenwu,
Guang Bo,Xu Xialing,
Shang-Chi,Xu Xialing,
Xu Xialing,Shang-Chi,
Katy Chen,Shang-Chi,
Shang-Chi,John (Shang-Chi's friend),
Wong,Hulk,
Wong,Shang-Chi,Katy Chen
Captain Marvel,Shang-Chi,Katy Chen
Hulk,Shang-Chi,Katy Chen
Katy Chen,Wong,Shang-Chi
Razor Fist,Xu Xialing,