Maria Hill, Nick Fury
Maria Hill, Quentin Beck
Nick Fury, Quentin Beck
Betty Brant, Jason Ionello
Peter Parker, Ned Leeds
Peter Parker, MJ
May Parker, Happy Hogan
Peter Parker, Happy HoganHappy Hogan, Peter Parker
Peter Parker, Happy Hogan
Peter Parker, Journalist #1
Peter Parker, Journalist #2
Peter Parker, Journalist #3
May Parker, Peter Parker
Peter Parker, Ned Leeds
Ned Leeds, Betty Brant
Peter Parker, Ned Leeds
Roger Harrington, Ned Leeds
Brad Davis, MJ
Roger Harrington, MJ
Peter Parker, Ned Leeds
Ned Leeds, Betty Brant
Julius Dell, everyone
Flash Thompson, everyone
Betty Brant, Ned LeedsNed Leeds, Zoha
Peter Parker, Italian Storekeeper
Peter Parker, MJ
Street Seller, MJ
Peter Parker, Betty Brant
Peter Parker, Ned Leeds
Peter Parker, Passerby
Peter Parker, Quentin Beck
Julius Dell, Roger Harrington
Zach Cooper, Brad Davis
Ned Leeds, Flash Thompson
Italian News Anchor, Brad Davis
MJ, Ned Leeds & Betty Brant
Peter Parker, Nick FuryNick Fury, Roger Harrington
Peter Parker, Roger Harrington
Betty Brant, Peter Parker
Nick Fury, Julius Dell
Nick Fury, Peter Parker
Nick Fury, Maria Hill
Peter Parker, Quentin Beck
Nick Fury, Peter Parker
Maria Hill, Peter Parker
Nick Fury, Peter Parker
Roger Harrington, Peter Parker
Flash Thompson, Dimitri
Peter Parker, E.D.I.T.H.Peter Parker, E.D.I.T.H.
Peter Parker, Flash Thompson
Peter Parker, E.D.I.T.H.
Peter Parker, Maria Hill
Ned Leeds, Peter Parker
Ned Leeds, Betty BrantNick Fury, Peter Parker
Nick Fury, Quentin Beck
Maria Hill, Nick Fury
Peter Parker, Quentin Beck
Peter Parker, Nick Fury
Betty Brant, Ned LeedsBetty Brant, Peter Parker
Maria Hill, Nick Fury
Peter Parker, Quentin Beck
Betty Brant, Ned Leeds
Peter Parker, Ferris wheel creature
Quentin Beck, Peter Parker
Quentin Beck, Peter Parker
Nick Fury, Peter Parker
Quentin Beck, Peter Parker
Peter Parker, EDITH glasses
Peter Parker, Quentin BeckPeter Parker, E.D.I.T.H.
Peter Parker, Quentin Beck
Quentin Beck, crew members
Peter Parker, Ned Leeds
Peter Parker, Roger Harrington
Julius Dell, crew members
Ned Leeds, Betty Brant
Peter Parker, MJMJ, Peter Parker
Peter Parker, Betty Brant
Peter Parker, MJQuentin Beck, William
Peter Parker, MJ
Peter Parker, Ned Leeds
Peter Parker, Nick Fury
Peter Parker, Maria Hill
Quentin Beck, Peter Parker
Quentin Beck, MJ
Peter Parker, Nick Fury
Peter Parker, DutchmenDutchman #1, Dutchman #2
Dutchman #2, Dutchman #3
Peter Parker, Dutchman #4
Peter Parker, Happy Hogan
Peter Parker, Happy HoganNed Leeds, Gutes Guterman
Quentin Beck, Gutes Guterman
Happy Hogan, Nick Fury
Happy Hogan, Peter Parker
Happy Hogan, MJ
Julius Dell, Roger Harrington
MJ, Ned Leeds
Quentin Beck, Nick Fury
Peter Parker, Happy Hogan
Nick Fury, Maria Hill
Quentin Beck, William Ginter Riva
Peter Parker, Nick Fury
Quentin Beck, William Ginter Riva
Janice Lincoln, (unknown character)Quentin Beck, Janice
Quentin Beck, William Ginter Riva
Happy Hogan, Ned Leeds
Happy Hogan, Students
Quentin Beck, E.D.I.T.H.
Happy Hogan, MJ
Peter Parker, Beck
Peter Parker, E.D.I.T.H.
MJ, Peter ParkerMJ, Peter Parker
Happy Hogan, May Parker
Nick Fury, Happy Hogan
Peter Parker, MJ
Peter Parker, Ned Leeds, Betty Brant
Flash Thompson, Peter Parker
Peter Parker, May Parker, Happy Hogan
MJ, Peter Parker
Nick Fury, Maria Hill/Soren, Talos