Toomes,Mason
Toomes,Schultz
Toomes,Anne Marie Hoag
Toomes,Mason
Toomes,Mason
Peter,Happy
Peter,Happy
Peter,Happy
Peter,Happy
Peter,Happy
Peter,Happy
Peter,Happy
Peter,Happy
Peter,Happy
Peter,Happy
Peter,Tony
Peter,Happy
Peter,Tony
Peter,Flash
Peter,Ned
Peter,Liz
Peter,Michelle
Liz,Ned,Charles,Abe,Cindy
Liz,Peter
Peter,Mr. Harrington
Peter,Flash
Sally,Cindy
Liz,Flash
Abe,Cindy
Peter,Mr. Delmar
Happy,Peter
Peter,Happy
Peter,Mr. Delmar
Happy,Peter
Peter,Ned
May,Peter
Peter,Ned
Ned,Peter
Peter,May
Peter,Ned
Ned,Peter
Ned,Peter
Peter,Ned
Ned,Peter
Peter,Ned
Ned,Peter
Peter,Coach Wilson
Betty,Charles
Ned,Peter,Liz
Flash,Peter,Ned
May,Ned,Peter
Michelle,Ned
Liz,Peter,Ned
Ned,Peter
Flash,Peter,Ned
Peter,Brice,Aaron
Schultz,Aaron
Peter,Schultz,Brice
Mason,Toomes
Iron Man,Peter
Tony,Peter
Peter,Ned
Mason,Toomes
Brice,Toomes
Mason,Vulture
Vulture,Schultz
Peter,Ned
Schultz,Randy
Peter,Schultz
Abe,Peter
Peter,Liz
Flash,Peter
Mr. Harrington,Flash
Michelle,Peter
Liz,Peter
Peter,Happy
Peter,Ned
Ned,Peter
Peter,Liz
Peter,Flash
Liz,Peter
Peter,Mason,Randy,Schultz
Peter,Schultz,Mason
Peter,Schultz
Schultz,Mason
Peter,Vulture
Peter,Karen
Peter,Karen
Peter,Ned
Ned,Liz
Charles,Liz
Michelle,Peter
Karen,Charles
Peter,Karen
Flash,Liz,Ned,Mr. Harrington
Peter,Liz,Ned,Mr. Harrington
Ned,Peter
Mr. Harrington,Cindy,Ned
Liz,Peter
Mr. Harrington,Peter
Peter,Liz
Liz's mother,Liz
Aunt May,Peter
Peter,Karen
Peter,Ned
Steve,Peter
Michelle,Coach Wilson
Peter,Karen
Peter,Thor
Peter,Karen
Peter,Aaron Davis
Peter,Karen
Peter,Aaron Davis
Peter,Aaron Davis
Peter,Karen
Peter,Aaron Davis
Peter,Aaron Davis
Peter,Aaron Davis
Peter,Karen
Peter,Toomes
Peter,Karen
Peter,Schultz
Peter,Karen
Peter,Gargan
Peter,Karen
Peter,Tony
Tony,Peter
Peter,Tony
Schultz,Toomes
Peter,Tony
Peter,May
Peter,Liz
Doris,Peter
Peter,Toomes
Toomes,Liz
Peter,Liz
Doris,Adrian Toomes
Liz,Toomes
Toomes,Peter
Peter,Ned
Peter,Flash
Ned,Peter
Peter,Ms. Warren
Peter,Toomes
Peter,Vulture
Peter,Vulture
Peter,Vulture
Peter,Vulture
Peter,Vulture
Peter,Vulture
Peter,Vulture
Peter,Toomes
Happy,Vulture
Peter,Michelle
Tony,Peter
Tony,Peter
Happy,Peter
Tony,Pepper
Happy,Tony
Peter,Aunt May
Toomes,Gargan