Nick Fury,Phil Coulson,,,,
Phil Coulson,Maria Hill,,,,
Erik Selvig,Phil Coulson,,,,
Phil Coulson,Nick Fury,,,,
Maria Hill,Nick Fury,,,,
Nick Fury,Erik Selvig,,,,
Nick Fury,Hawkeye,,,,
Loki,Hawkeye,Nick Fury,,,
Hawkeye,Maria Hill,,,,
Maria Hill,Hawkeye,,,,
Georgi Luchkov,Black Widow,,,,
Phil Coulson,Georgi Luchkov,,,,
Black Widow,Georgi Luchkov,,,,
Black Widow,Phil Coulson,,,,
Phil Coulson,Iron Man,,,,
Hulk,Black Widow,,,,
Hulk,Black Widow,,,,
Nick Fury,Captain America,,,,
Captain America,Peggy Carter,,,,
Nick Fury,Captain America,,,,
Captain America,Iron Man,,,,
Iron Man,Pepper Potts,,,,
Pepper Potts,Iron Man,,,,
Iron Man,Pepper Potts,,,,
Iron Man,JARVIS,,,,
Iron Man,Phil Coulson,,,,
Pepper Potts,Phil Coulson,,,,
Iron Man,Pepper Potts,,,,
Pepper Potts,Iron Man,,,,
Iron Man,Pepper Potts,,,,
Iron Man,Phil Coulson,,,,
Captain America,Phil Coulson,,,,
Loki,Erik Selvig,,,,
Phil Coulson,Black Widow,,,,
Captain America,Hulk,,,,
Captain America,Nick Fury,,,,
Captain America,Hulk,,,,
Nick Fury,Hulk,,,,
Nick Fury,Phil Coulson,,,,
Black Widow,Hulk,,,,
Erik Selvig,Hawkeye,,,,
Hawkeye,Loki,,,,
Phil Coulson,Captain America,,,,
Jasper Sitwell,Phil Coulson,,,,
Captain America,Loki,,,,
Loki,Black Widow,,,,
Captain America,Loki,,,,
Captain America,Loki,,,,
Iron Man,Loki,,,,
Iron Man,Captain America,,,,
Thor,Iron Man,,,,
Thor,Iron Man,,,,
Thor,Iron Man,,,,
Iron Man,Thor,,,,
Thor,Iron Man,,,,
Iron Man,Thor,,,,
Thor,Iron Man,,,,
Iron Man,Thor,,,,
Thor,Iron Man,,,,
Iron Man,Thor,,,,
Thor,Iron Man,,,,
Iron Man,Thor,,,,
Thor,Captain America,,,,
Captain America,Hulk,,,,
Captain America,Thor,,,,
Black Widow,Thor,,,,
Iron Man,Phil Coulson,,,,
Iron Man,Thor,,,,
Iron Man,Maria Hill,,,,
Captain America,Hulk,,,,
Iron Man,Hulk,,,,
Iron Man,Hulk,,,,
Iron Man,Captain America,,,,
Iron Man,Hulk,,,,
Iron Man,Hulk,,,,
Iron Man,Hulk,,,,
Iron Man,Hulk,,,,
Nick Fury,Captain America,,,,
Hulk,Iron Man,,,,
Captain America,Iron Man,,,,
Hulk,Iron Man,,,,
Iron Man,Hulk,,,,
Iron Man,Captain America,,,,
Hulk,Captain America,,,,
Iron Man,Hulk,,,,
Captain America,Hulk,,,,
Captain America,Iron Man,,,,
Iron Man,Hulk,,,,
Captain America,Iron Man,,,,
Iron Man,Hulk,,,,
Captain America,Iron Man,,,,
Iron Man,Hulk,,,,
Iron Man,Hulk,,,,
Thor,Nick Fury,,,,
Black Widow,Loki,,,,
Black Widow,Hawkeye,,,,
Black Widow,Loki,,,,
Black Widow,Hulk,,,,
Iron Man,Nick Fury,,,,
Captain America,Nick Fury,,,,
Hulk,Black Widow,,,,
Thor,Nick Fury,,,,
Nick Fury,Thor,,,,
Captain America,Nick Fury,,,,
Thor,Captain America,,,,
Iron Man,Nick Fury,,,,
Natasha,Thor,Banner,,,
Iron Man,Captain America,,,,
Captain America,Nick Fury,Thor,Iron Man,Black Widow,Hulk
Captain America,Iron Man,,,,
Maria Hill,Galaga Player,,,,
Black Widow,Hulk,,,,
Iron Man,Captain America,,,,
Hulk,Black Widow,,,,
Iron Man,Captain America,,,,
Iron Man,Captain America,,,,
Black Widow,Hulk,,,,
Thor,Hulk,,,,
Iron Man,Captain America,,,,
Iron Man,Captain America,,,,
Thor,Hulk,,,,
Nick Fury,Maria Hill,,,,
Phil Coulson,Jasper Sitwell,,,,
Black Widow,Hawkeye,,,,
Black Widow,Hawkeye,,,,
Hawkeye,Black Widow,,,,
Iron Man,Captain America,,,,
Iron Man,Captain America,,,,
Captain America,Black Widow,,,,
Captain America,Hawkeye,,,,
Nick Fury,Maria Hill,,,,
Iron Man,Erik Selvig,,,,
Iron Man,JARVIS,,,,
Iron Man,Loki,,,,
Iron Man,Loki,,,,
Iron Man,Loki,,,,
Iron Man,JARVIS,,,,
Iron Man,Loki,,,,
Thor,Loki,,,,
Black Widow,Hawkeye,,,,
Thor,Loki,,,,
Hawkeye,Thor,,,,
Hulk,Black Widow,,,,
Iron Man,Captain America,,,,
Hawkeye,Iron Man,,,,
Thor,Black Widow,,,,
Hawkeye,Iron Man,,,,
Black Widow,Captain America,,,,
Black Widow,Captain America,,,,
Iron Man,Captain America,,,,
Thor,Hulk,,,,
Black Widow,Hawkeye,,,,
Hawkeye,Loki,,,,
Hulk,Loki,,,,
Black Widow,Erik Selvig,,,,
Captain America,Iron Man,,,,
Hulk,Iron Man,,,,
Black Widow,Hawkeye,,,,
Nick Fury,Maria Hill,,,,
Iron Man,Pepper Potts,,,,