Thor,Surtur
Thor,Surtur
Thor,Surtur
Thor,Skurge
Thor,Skurge
Actor Thor,Actor Loki
Actor Thor,Lady Sif
Thor,Odin
Thor,Odin
Thor,Loki
Thor,Loki,Doctor Strange
Thor,Strange
Thor,Strange
Thor,Strange
Thor,Loki
Strange,Loki
Thor,Loki
Loki,Thor
Thor,Hela
Thor,Loki
Hela,Fandral,Volstagg
Hela,Skurge
Hogun,Hela
Hela,Skurge
Grandmaster,Topaz
Thor,Grandmaster
Grandmaster,Topaz
Grandmaster,Cousin Carlo
Thor,Cousin Carlo
Loki,Thor
Grandmaster,Loki,Thor
Thor,Korg
Hela,Skurge
Thor,Loki
Thor,Korg
Korg,Thor
Thor,Valkyrie
Thor,Stan Lee
Grandmaster,Loki
Thor,Hulk
Loki,Grandmaster
Hulk,Thor
Thor,Hulk
Hulk,Thor
Thor,Hulk
Hulk,Thor
Thor,Hulk
Hulk,Thor
Thor,Heimdall
Heimdall,Thor
Heimdall,Thor
Heimdall,Thor
Thor,Hulk
Hulk,Thor
Thor,Hulk
Hulk,Thor
Thor,Hulk
Hulk,Thor
Hulk,Thor
Thor,Hulk
Hulk,Thor
Hulk,Val
Hulk,Val
Thor,Valkyrie
Thor,Hulk
Valkyrie,Thor
Valkyrie,Thor
Thor,Hulk
Banner,Thor
Banner,Grandmaster
Banner,Thor
Loki,Valkyrie
Valkyrie,Loki
Loki,Valkyrie
Val,Loki
Thor,Banner
Banner,Thor
Thor,Banner
THOR,BANNER
Thor,Banner
Thor,Valkyrie
Thor,Valkyrie
Valkyrie,Banner
Thor,Banner
Thor,Loki
Val,Thor
Korg,Miek
Korg,Valkyrie
Grandmaster,Topaz
Thor,Loki
Loki,Thor
Thor,Loki
Thor,Loki
Loki,Thor
Loki,Thor
Thor,Loki
Thor,Grandmaster
Thor,Val
Banner,Val
Val,Warsong
Val,Grandmaster
Thor,Val
Banner,Topaz
Thor,Valkyrie
Korg,Loki
Valkyrie,Thor
Thor,Banner
Hela,Skurge
Thor,Hela
Thor,Hela
Fenris,Heimdall
Commodore,Valkyrie,Fenris
Skurge,Heimdall
Hela,Thor
Valkyrie,Banner
Korg,Heimdall
Loki,Heimdall
Thor,Hela
Thor,Odin
Loki,Korg
Thor,Valkyrie
Thor,Hela
Valkyrie,Hela
Skurge,Hela
Hela,Val
Val,Hela
Thor,Val
Thor,Hulk
Thor,Heimdall
Thor,Loki
Loki,Thor
Thor,Loki